header1,header2,header2
value1,value3,value3
value1,value3,value3
value1,value3,value3
value1,value3,value3
value1,value3,value3
value1,value3,value3
value1,value3,value3
value1,value3,value3
value1,value3,value3
value1,value3,value3
value1,value3,value3
value1,value3,value3
value1,value3,value3
value1,value3,value3
value1,value3,value3
value1,value3,value3
value1,value3,value3
value1,value3,value3
value1,value3,value3
value1,value3,value3
value1,value3,value3
value1,value3,value3
value1,value3,value3
value1,value3,value3
value1,value3,value3
value1,value3,value3
value1,value3,value3
value1,value3,value3
value1,value3,value3
value1,value3,value3
value1,value3,value3
value1,value3,value3
value1,value3,value3
value1,value3,value3
value1,value3,value3
